label,shape,transport,files,bytes,file_concurrency,segment_concurrency,segment_size,batch_size,keepalive,http2,proto,wall_ms,files_per_sec,mib_per_sec,errors,p50_ms,p95_ms,p99_ms,gen_ms,hash_ms,create_ms,put_ms,commit_ms,http_requests,first_error
put-c1,logs,put,5000,84809410,1,8,8388608,32,true,false,HTTP/1.1,32311,154.7460,2.5032,0,5.6580,11.5310,20.3100,31.5,0.0,0.0,32305.1,0.0,5000,
put-c1,logs,put,5000,84809410,1,8,8388608,32,true,false,HTTP/1.1,28382,176.1633,2.8496,0,5.2350,8.5960,13.3720,24.9,0.0,0.0,28377.3,0.0,5000,
put-c8,logs,put,5000,84809410,8,8,8388608,32,true,false,HTTP/1.1,9197,543.6465,8.7941,0,12.9760,24.6270,40.6250,24.9,0.0,0.0,73479.8,0.0,5000,
put-c8,logs,put,5000,84809410,8,8,8388608,32,true,false,HTTP/1.1,8758,570.8874,9.2347,0,12.6110,23.1760,32.8210,25.6,0.0,0.0,69982.8,0.0,5000,
put-c32,logs,put,5000,84809410,32,8,8388608,32,true,false,HTTP/1.1,7948,629.0412,10.1754,1,36.7120,139.2140,211.7860,35.0,0.0,0.0,252927.3,0.0,5000,"PUT /v1/paths/data/bench/logs-1785087047168349048/2026-07-04/host-03/app-000003.log: status 404: {""error"":""not found""}"
put-c32,logs,put,5000,84809410,32,8,8388608,32,true,false,HTTP/1.1,6281,795.9855,12.8759,1,31.8860,105.1520,158.1240,26.2,0.0,0.0,200120.7,0.0,5000,"PUT /v1/paths/data/bench/logs-1785087057292068469/2026-07-03/host-02/app-000002.log: status 404: {""error"":""not found""}"
put-c64,logs,put,5000,84809410,64,8,8388608,32,true,false,HTTP/1.1,6408,780.1780,12.6202,3,66.0670,213.1950,284.0390,31.8,0.0,0.0,406710.6,0.0,5000,"PUT /v1/paths/data/bench/logs-1785087065917197501/2026-07-07/host-14/app-000062.log: status 404: {""error"":""not found""}"
put-c64,logs,put,5000,84809410,64,8,8388608,32,true,false,HTTP/1.1,6137,814.6182,13.1774,33,64.8880,184.1540,260.2580,29.6,0.0,0.0,386206.2,0.0,5000,"PUT /v1/paths/data/bench/logs-1785087074330097921/2026-07-08/host-03/app-000035.log: status 404: {""error"":""not found""}"
put-c128,logs,put,5000,84809410,128,8,8388608,32,true,false,HTTP/1.1,6738,741.9764,12.0023,22,140.2840,399.5210,583.0070,27.3,0.0,0.0,845103.3,0.0,5000,"PUT /v1/paths/data/bench/logs-1785087082929072384/2026-07-16/host-11/app-000043.log: status 404: {""error"":""not found""}"
put-c128,logs,put,5000,84809410,128,8,8388608,32,true,false,HTTP/1.1,9165,545.5418,8.8247,95,148.5260,735.6840,1164.4580,39.5,0.0,0.0,1130986.9,0.0,5000,"PUT /v1/paths/data/bench/logs-1785087092174886888/2026-07-02/host-09/app-000057.log: status 404: {""error"":""not found""}"
put-c8-nokeepalive,logs,put,5000,84809410,8,8,8388608,32,false,false,HTTP/1.1,13946,358.5081,5.7993,0,17.0000,44.5260,127.1360,34.6,0.0,0.0,111496.5,0.0,5000,
put-c8-nokeepalive,logs,put,5000,84809410,8,8,8388608,32,false,false,HTTP/1.1,12398,403.2715,6.5234,0,15.8900,42.4280,63.2560,29.8,0.0,0.0,99100.8,0.0,5000,
put-c32-nokeepalive,logs,put,5000,84809410,32,8,8388608,32,false,false,HTTP/1.1,7892,633.4871,10.2474,9,42.5900,103.8960,142.8480,36.8,0.0,0.0,251052.2,0.0,5000,"PUT /v1/paths/data/bench/logs-1785087135243369630/2026-07-03/host-14/app-000030.log: status 404: {""error"":""not found""}"
put-c32-nokeepalive,logs,put,5000,84809410,32,8,8388608,32,false,false,HTTP/1.1,7218,692.6301,11.2041,21,35.5640,117.5160,194.9390,32.2,0.0,0.0,227734.7,0.0,5000,"PUT /v1/paths/data/bench/logs-1785087145635635135/2026-07-09/host-08/app-000008.log: status 404: {""error"":""not found""}"
direct-c32,logs,direct,5000,84809410,32,8,8388608,32,true,false,HTTP/1.1,7284,686.4258,11.1037,0,37.9630,102.0540,163.0220,31.5,0.0,12492.6,232449.2,0.0,10000,
direct-c32,logs,direct,5000,84809410,32,8,8388608,32,true,false,HTTP/1.1,7320,682.9919,11.0482,0,37.2900,104.8580,171.9650,32.7,0.0,9449.2,233494.9,0.0,10000,
session-c32-batch1,logs,session,5000,84809410,32,32,8388608,1,true,false,HTTP/1.1,24338,205.4378,3.3232,0,541.2200,888.2390,979.8180,42.4,65.9,75776.5,197991.3,574202.9,15000,
session-c32-batch1,logs,session,5000,84809410,32,32,8388608,1,true,false,HTTP/1.1,58659,85.2376,1.3788,0,786.2450,3322.3740,4068.8420,120.6,93.8,206278.2,579496.7,1291252.9,15000,
session-c32-batch32,logs,session,5000,84809410,32,32,8388608,32,true,false,HTTP/1.1,19455,257.0015,4.1573,0,2103.5560,3004.3170,3241.8220,55.2,52.2,47619.4,159950.2,457397.9,10157,
session-c32-batch32,logs,session,5000,84809410,32,32,8388608,32,true,false,HTTP/1.1,17006,294.0106,4.7559,0,1576.6200,2838.7060,3051.6000,29.0,54.7,39620.5,129497.8,409706.7,10157,
session-c32-batch100,logs,session,5000,84809410,32,32,8388608,100,true,false,HTTP/1.1,24197,206.6356,3.3426,0,5667.7840,10099.3120,11008.4050,48.5,53.5,48207.1,195543.4,560649.0,10050,
session-c32-batch100,logs,session,5000,84809410,32,32,8388608,100,true,false,HTTP/1.1,22081,226.4325,3.6628,0,5418.6460,7368.5490,7852.9830,59.9,60.1,47027.2,192847.3,470042.8,10050,
session-c64-batch100,logs,session,5000,84809410,64,64,8388608,100,true,false,HTTP/1.1,25198,198.4258,3.2098,0,5111.8870,12978.0250,13849.2880,63.7,56.6,62342.8,274638.5,1285591.2,10050,
session-c64-batch100,logs,session,5000,84809410,64,64,8388608,100,true,false,HTTP/1.1,22594,221.2976,3.5797,0,5952.1090,10167.6150,10737.1430,67.7,66.7,65137.5,278230.0,1110728.0,10050,
edge-h1-put-c32,logs,put,5000,84809410,32,8,8388608,32,true,false,HTTP/1.1,8016,623.6799,10.0887,0,39.6030,133.6630,202.3060,41.9,0.0,0.0,255724.6,0.0,5000,
edge-h1-put-c32,logs,put,5000,84809410,32,8,8388608,32,true,false,HTTP/1.1,9594,521.1173,8.4297,0,48.6300,166.0080,227.1070,48.7,0.0,0.0,306380.6,0.0,5000,
edge-h2-put-c32,logs,put,5000,84809410,32,8,8388608,32,true,true,HTTP/2.0,7174,696.8651,11.2726,0,38.1180,101.9460,164.0900,36.6,0.0,0.0,228897.1,0.0,5000,
edge-h2-put-c32,logs,put,5000,84809410,32,8,8388608,32,true,true,HTTP/2.0,10610,471.2243,7.6226,8,48.8200,169.2180,313.3670,36.8,0.0,0.0,336627.7,0.0,5000,"PUT /v1/paths/data/bench/logs-1785087463669561546/2026-07-02/host-01/app-000001.log: status 404: {""error"":""not found""}"
edge-h1-session-c32,logs,session,5000,84809410,32,32,8388608,100,true,false,HTTP/1.1,20402,245.0689,3.9643,0,4868.6610,7812.1020,8293.4580,57.5,61.9,40549.6,153193.8,479225.4,10050,
edge-h1-session-c32,logs,session,5000,84809410,32,32,8388608,100,true,false,HTTP/1.1,21465,232.9311,3.7679,0,6363.7150,7885.2710,8245.5010,81.1,60.8,39419.3,155094.5,519167.0,10050,
edge-h2-session-c32,logs,session,5000,84809410,32,32,8388608,100,true,true,HTTP/2.0,21579,231.7031,3.7481,0,4624.5300,9214.8860,10593.1020,49.0,57.4,40957.8,161010.1,507387.5,10050,
edge-h2-session-c32,logs,session,5000,84809410,32,32,8388608,100,true,true,HTTP/2.0,22655,220.7005,3.5701,0,6150.2780,8527.5950,9076.2790,34.7,65.1,42738.1,170152.8,540425.4,10050,
nm-put-c32,node-modules,put,5000,46366840,32,8,8388608,32,true,false,HTTP/1.1,23817,209.9304,1.8566,0,128.3620,326.6790,529.4030,25.0,0.0,0.0,761089.2,0.0,5000,
nm-put-c32,node-modules,put,5000,46366840,32,8,8388608,32,true,false,HTTP/1.1,28244,177.0272,1.5656,0,154.3360,389.6390,604.7590,39.0,0.0,0.0,903064.9,0.0,5000,
nm-session-c32-batch100,node-modules,session,5000,46366840,32,32,8388608,100,true,false,HTTP/1.1,43950,113.7645,1.0061,0,12556.5900,16718.8360,17796.9500,32.5,30.2,27444.3,111605.0,1281415.0,10050,
nm-session-c32-batch100,node-modules,session,5000,46366840,32,32,8388608,100,true,false,HTTP/1.1,41261,121.1769,1.0717,0,11480.8810,16139.6520,16900.3610,17.6,29.1,31353.1,111590.2,1200712.6,10050,
photos-put-c8,photos,put,150,2298797105,8,8,8388608,32,true,false,HTTP/1.1,7598,19.7399,288.5061,0,210.8340,955.4020,1099.4450,1627.8,0.0,0.0,59008.0,0.0,150,
photos-put-c8,photos,put,150,2298797105,8,8,8388608,32,true,false,HTTP/1.1,5945,25.2272,368.7047,0,170.6380,840.4830,1222.6670,880.3,0.0,0.0,47174.0,0.0,150,
photos-session-c8-seg8,photos,session,150,2298797105,8,8,8388608,32,true,false,HTTP/1.1,10585,14.1705,207.1070,0,4034.2560,9371.7270,9621.6510,1042.9,2289.3,1652.3,23538.8,57323.3,494,
photos-session-c8-seg8,photos,session,150,2298797105,8,8,8388608,32,true,false,HTTP/1.1,10896,13.7661,201.1961,0,5150.8840,9799.4740,10322.3560,615.7,1625.7,1287.6,22782.3,61152.1,492,
photos-session-c8-seg32,photos,session,150,2298797105,8,16,33554432,32,true,false,HTTP/1.1,10313,14.5446,212.5752,0,3681.6070,9114.4060,9398.6320,865.0,1935.4,1120.9,25401.6,52939.5,348,
photos-session-c8-seg32,photos,session,150,2298797105,8,16,33554432,32,true,false,HTTP/1.1,10236,14.6536,214.1674,0,4117.1030,8742.4410,9437.7400,706.1,1875.6,1661.2,26638.2,51381.0,349,
photos-full-put-c8,photos,put,600,9113293862,8,8,8388608,32,true,false,HTTP/1.1,24212,24.7810,358.9578,0,202.7060,908.8380,1270.2120,2781.0,0.0,0.0,192612.0,0.0,600,
photos-full-session-c8-seg32,photos,session,600,9113293862,8,16,33554432,32,true,false,HTTP/1.1,38547,15.5653,225.4667,0,15725.7490,30388.9200,32497.3380,3364.3,7356.3,5908.5,98596.5,203889.8,1345,
session-batch1-rep,logs,session,5000,84809410,32,32,8388608,1,true,false,HTTP/1.1,14952,334.3838,5.4090,0,318.3530,557.1620,631.3550,37.0,51.8,42839.7,114185.4,360548.9,15000,
session-batch100-rep,logs,session,5000,84809410,32,32,8388608,100,true,false,HTTP/1.1,16529,302.4922,4.8931,0,4180.8050,6316.5880,6659.7290,38.9,66.8,26851.7,106606.6,407086.3,10050,
session-batch1-rep,logs,session,5000,84809410,32,32,8388608,1,true,false,HTTP/1.1,19303,259.0264,4.1900,0,444.0940,693.5760,1258.6600,34.6,52.5,54405.3,130533.8,479074.4,15000,
session-batch100-rep,logs,session,5000,84809410,32,32,8388608,100,true,false,HTTP/1.1,17528,285.2445,4.6141,0,4325.4740,7049.7210,7444.4310,42.6,49.3,29118.4,113547.4,435359.9,10050,
session-batch1-rep,logs,session,5000,84809410,32,32,8388608,1,true,false,HTTP/1.1,35106,142.4250,2.3039,0,668.2210,1739.3850,2028.7190,58.8,67.2,120666.8,302518.1,811509.8,15000,
session-batch100-rep,logs,session,5000,84809410,32,32,8388608,100,true,false,HTTP/1.1,35259,141.8050,2.2939,0,8961.0320,13092.4050,13784.5430,105.9,84.2,62550.2,270155.0,798087.8,10050,
